{
    "_source": "The names and sequence are taken from d0183_efm32lg_reference_manual.pdf table 4.1.",
    "irqs": [
        "dma", 
        "gpio_even", 
        "timer0", 
        "usart0_rx", 
        "usart0_tx", 
        "usb", 
        "acmp01", 
        "adc0", 
        "dac0", 
        "i2c0", 
        "i2c1", 
        "gpio_odd", 
        "timer1", 
        "timer2", 
        "timer3", 
        "usart1_rx", 
        "usart1_tx", 
        "lesense", 
        "usart2_rx", 
        "usart2_tx", 
        "uart0_rx", 
        "uart0_tx", 
        "uart1_rx", 
        "uart1_tx", 
        "leuart0", 
        "leuart1", 
        "letimer0", 
        "pcnt0", 
        "pcnt1", 
        "pcnt2", 
        "rtc", 
        "burtc", 
        "cmu", 
        "vcmp", 
        "lcd", 
        "msc", 
        "aes", 
        "ebi"
    ], 
    "partname_humanreadable": "EFM32 Leopard Gecko series", 
    "partname_doxygen": "EFM32LG", 
    "includeguard": "LIBOPENCM3_EFM32LG_NVIC_H"
}
